timestamp,task_id,subtask_id,user_id,action,outcome,detail,command,version,input,pr
2026-10-06T10:53:10.041Z,P0001,,5521800,claim_encoding,accepted,,campaign.claimTask,1,"{""task_id"":""P0001""}",1
2026-10-06T10:58:52.411Z,P0001,,5521800,submit_encoding,accepted,,campaign.submitOmrLayout,2,"{""task_id"":""P0001"",""staves"":49,""grandstaves"":24,""measures"":90,""systems"":21,""movements"":1}",2
2026-10-06T11:02:35.393Z,P0001,S0001,177249593,claim_validation,accepted,,campaign.claimValidation,1,"{""task_id"":""P0001"",""subtask_id"":""S0001""}",3
2026-10-06T11:04:31.123Z,P0001,S0001,177249593,submit_validation,accepted,fail,campaign.submitValidation,2,"{""task_id"":""P0001"",""subtask_id"":""S0001"",""verdict"":""fail""}",4
2026-10-06T11:05:15.883Z,P0001,,177249593,send_back,accepted,,campaign.sendBack,1,"{""task_id"":""P0001""}",5
2026-10-06T11:05:51.062Z,P0001,,177249593,claim_encoding,accepted,,campaign.claimTask,1,"{""task_id"":""P0001""}",6
2026-10-06T11:08:06.905Z,P0001,,177249593,submit_encoding,accepted,,campaign.submitOmrLayout,2,"{""task_id"":""P0001"",""staves"":48,""grandstaves"":24,""measures"":90,""systems"":21,""movements"":1}",7
2026-10-06T11:11:58.642Z,P0001,S0001,177249593,resolve_comment,accepted,fail,campaign.resolveComment,1,"{""comment_id"":""2310fe29""}",8
2026-10-06T11:13:04.639Z,P0001,S0001,5521800,claim_validation,accepted,,campaign.claimValidation,1,"{""task_id"":""P0001"",""subtask_id"":""S0001""}",9
2026-10-06T11:14:07.269Z,P0001,S0001,5521800,submit_validation,accepted,pass,campaign.submitValidation,2,"{""task_id"":""P0001"",""subtask_id"":""S0001"",""verdict"":""pass""}",10
2026-10-06T11:15:57.874Z,P0002,,5521800,claim_encoding,accepted,,campaign.claimTask,1,"{""task_id"":""P0002""}",11
2026-10-06T11:42:35.133Z,P0002,,5521800,submit_encoding,accepted,,campaign.submitScoreSetup,1,"{""task_id"":""P0002"",""staves"":2,""groups"":0,""keysig"":""0"",""meter"":""common""}",12
2026-10-06T11:43:20.535Z,P0002,S0001,177249593,claim_validation,accepted,,campaign.claimValidation,1,"{""task_id"":""P0002"",""subtask_id"":""S0001""}",13
2026-10-06T11:44:24.671Z,P0002,S0001,177249593,submit_validation,accepted,pass,campaign.submitValidation,2,"{""task_id"":""P0002"",""subtask_id"":""S0001"",""verdict"":""pass""}",14
2026-10-06T11:45:17.144Z,T0001,,5521800,claim_encoding,accepted,,campaign.openEditor,1,"{""task_id"":""T0001""}",15
